change_to_name	change_to_name
d3_dep_jetpack	d3_dep_jetpack
d3_dep_v3	d3_dep_v3
d3_dep_v4	d3_dep_v4
d3_dep_v5	d3_dep_v5
d3_dep_v6	d3_dep_v6
d3_igraph	d3_igraph
d3_json	d3_json
d3_nest	d3_nest
d3_party	d3_party
d3_table	d3_table
d3_v8	d3_v8
promote_na	promote_na
promote_na_one	promote_na_one
